transect,plot,sample,mean_height,max_height,sd_height,litter_layer,org_soil_depth,active_layer,N,C,mineral,elevation,roughness,slope,aspect,tpi,density_kgm3,SOC_kgCm2,CN,tree_stem_count,cluster_names,stembins
J1,1,C,0.053995736,0.833000004,0.102337435,0,4,34,2.03,40.66,0,84.91880798,0.070380323,0.498932987,-83.59672546,0.040267609,221.1401907,3.596624062,20.02955665,1,Moist Tundra,Low (0-35)
J1,1,B,0.159330145,1.215999961,0.273725263,0,17,43,1.88,39.49,0,84.90041351,0.083790131,1.376657605,-70.89958954,0.004073906,243.4570907,16.34400487,21.00531915,1,Moist Tundra,Low (0-35)
J1,1,A,0.096296953,1.049000025,0.181957159,0.5,10,38,1.42,39.68,0,84.92201233,0.12620002,3.036962032,27.94150734,-0.00224721,202.8809089,8.050314465,27.94366197,1,Moist Tundra,Low (0-35)
J1,2,A,0.022273662,0.423999995,0.040548774,0,7,20,1.87,42.12,0,84.27410889,0.098389968,2.239946842,69.2879715,-0.030550309,229.2554271,6.759367012,22.52406417,5,Moist Tundra,Low (0-35)
J1,2,C,0.038765458,0.995000005,0.106063173,0,2,30,1.88,38.31,0,84.26786804,0.062300339,1.531662583,-41.78593445,0.033821784,215.0537634,1.647741935,20.37765957,5,Moist Tundra,Low (0-35)
J1,2,B,0.020743435,0.519999981,0.039304684,0,4,22,2.01,38.5,0,84.27552032,0.097629927,1.880546093,-3.702074289,0.024946576,241.4282816,3.717995537,19.15422886,5,Moist Tundra,Low (0-35)
J1,3,C,0.115891776,1.327999949,0.23096089,0,36,36,1.91,42.46,0,84.1037674,0.035620499,0.691022217,-79.10879517,-0.005340376,170.4199635,26.04971394,22.23036649,8,Moist Tundra,Low (0-35)
J1,3,A,0.02116714,0.150999993,0.028993605,0,14,42,1.87,41.89,0,83.99057007,0.053090211,1.288280487,-103.5627823,-0.008287477,235.3418543,13.80185839,22.40106952,8,Moist Tundra,Low (0-35)
J1,3,B,0.104855062,1.327999949,0.23220746,0,22,29,1.89,40.23,0,84.03315735,0.112049863,1.893424749,-118.6447067,0.013401394,269.8316088,23.88171637,21.28571429,8,Moist Tundra,Low (0-35)
J1,4,A,0.060314927,0.361000001,0.061553567,0,23,23,1.61,37.74,0,84.47641754,0.115079649,2.35843277,-121.0183334,0.001502228,251.572327,21.83698113,23.44099379,5,Moist Tundra,Low (0-35)
J1,4,B,0.038265321,0.340000004,0.058723584,0,13,49,1.54,43.15,0,84.46186066,0.077520519,1.551622152,-47.61822128,-0.00988534,265.7739907,14.90859201,28.01948052,5,Moist Tundra,Low (0-35)
J1,4,C,0.053799716,0.423000008,0.062373671,0,22,38,2.16,40.13,0,84.4785614,0.115320511,2.680779457,-115.659462,-0.027595673,229.2554271,20.24004463,18.5787037,5,Moist Tundra,Low (0-35)
J1,5,B,0.136991829,0.518000007,0.144574653,0,12,57,1.96,36.66,0,85.9953537,0.076019973,1.820414186,54.85124969,0.014507665,271.8604179,11.95968351,18.70408163,0,Moist Tundra,Low (0-35)
J1,5,C,0.190751154,0.596000016,0.149123498,0,14,55,1.31,42.32,0,85.93769073,0.091930158,1.093170404,122.3439178,-0.044522401,290.1196997,17.18901197,32.30534351,0,Moist Tundra,Low (0-35)
J1,5,A,0.143564121,0.592999995,0.134046039,0,9,55,2.11,40.01,0,86.08043671,0.111130066,2.095355272,154.4479523,-0.010003862,296.206127,10.66608643,18.96208531,0,Moist Tundra,Low (0-35)
J2,1,B,0.312285459,1.353999972,0.298484755,3,2,65,0.72,12.59,60,68.61302185,0.297660142,5.118280411,36.62721252,-0.021130152,553.8648813,1.394631771,17.48611111,23,Submesic Woodland,Moderate (35-175)
J2,1,A,0.393310714,1.5,0.315809235,3,1,40,2.26,42.8,0,68.55631256,0.123399965,2.756713152,115.8440018,-0.026751243,210.9961453,0.903063502,18.9380531,23,Submesic Woodland,Moderate (35-175)
J2,2,C,0.078783162,0.547999978,0.098123519,2,10,50,1.79,38.65,0,65.66143799,0.142119363,2.681102037,45.14717865,0.021202708,279.9756543,10.82105904,21.59217877,1,Submesic Woodland,Low (0-35)
J2,2,B,0.056940426,0.425000012,0.076968286,0,8,52,1.82,36.27,0,65.7437973,0.133540496,2.611585617,-46.03712082,-0.013062811,365.185636,10.59622642,19.92857143,1,Submesic Woodland,Low (0-35)
J2,2,A,0.051859581,0.39199999,0.064620034,1,8,45,1.59,42.36,0,66.0266037,0.153810576,3.19473505,40.98624802,0.000253744,227.226618,7.70025563,26.64150943,1,Submesic Woodland,Low (0-35)
J2,3,C,0.10742842,1.725999951,0.152867165,0,3,58,1.25,28.77,0,64.70839691,0.143239975,2.519723654,20.48282814,-0.002681675,385.4737269,3.327023737,23.016,8,Submesic Woodland,Low (0-35)
J2,3,B,0.098264392,0.77700001,0.113636249,0,11,51,1.55,38.88,0,64.80831909,0.079209827,1.782907009,-2.306008816,-0.013739681,198.8232907,8.503274498,25.08387097,8,Submesic Woodland,Low (0-35)
J2,3,A,0.139821403,0.640999973,0.139547809,1,8,49,1.41,37.11,0,64.74887848,0.096230313,0.646757305,-174.2235565,-0.062321547,269.8316088,8.010760803,26.31914894,8,Submesic Woodland,Low (0-35)
J2,4,B,0.645887469,6.421999931,0.816623614,0,6,47,1.49,29.19,0,64.97319031,0.122919999,1.502071738,-3.152894497,-0.036533851,263.7451816,4.61923311,19.59060403,25,Submesic Woodland,Moderate (35-175)
J2,4,C,0.267438341,2.177000046,0.44514009,1,2,50,1.26,31.29,20,64.76928711,0.233500063,5.172130108,34.44786453,0.018971242,537.6344086,3.364516129,24.83333333,25,Submesic Woodland,Moderate (35-175)
J2,4,A,0.749053997,6.421999931,0.902888015,2,10,45,1.7,40.33,0,65.01715088,0.125590369,2.849237919,-69.98117065,0.015748883,263.7451816,10.63684317,23.72352941,25,Submesic Woodland,Moderate (35-175)
J2,5,C,0.059979744,0.515999973,0.077987547,0,9,35,1.81,43.14,0,68.1774292,0.217799842,4.116227627,-100.2593918,-0.014758749,221.1401907,8.585989044,23.83425414,26,Submesic Woodland,Moderate (35-175)
J2,5,B,0.277166725,6.179999828,0.838538129,0,18,37,1.72,39,0,68.02928925,0.269989938,5.560778141,-86.92951965,0.042872638,324.6094543,22.78758369,22.6744186,26,Submesic Woodland,Moderate (35-175)
J2,5,A,0.300295639,6.179999828,0.835671121,2,3,27,1.3,40.15,0,67.73030853,0.217939839,5.346254826,-109.2254486,0.033942614,188.6792453,2.272641509,30.88461538,26,Submesic Woodland,Moderate (35-175)
T1,1,C,0.035233499,0.335999995,0.053534327,0,27,31,1.11,35.47,0,104.9403915,0.18031998,3.62752986,147.519455,-0.008032007,253.6011361,24.28712721,31.95495495,0,Moist Tundra,Low (0-35)
T1,1,B,0.030069908,0.213,0.043027425,1,8,51,1.03,24.01,50,104.8226471,0.14654015,2.488147497,95.05000305,0.014912729,482.8565632,9.274708866,23.31067961,0,Moist Tundra,Low (0-35)
T1,1,A,0.038005342,0.237000003,0.051202042,3,0,43,0.52,7.26,90,104.7400131,0.084169924,2.170594931,97.94072723,-0.013347331,748.6305539,0,13.96153846,0,Moist Tundra,Low (0-35)
T1,2,A,0.035769587,0.169,0.042403166,2,1,45,0.72,14.26,60,104.7897491,0.107589953,2.350579739,125.9438629,-0.009058638,708.0543721,1.009685535,19.80555556,0,Moist Tundra,Low (0-35)
T1,2,C,0.041459901,0.25,0.05289342,1,1,70,1.28,31.74,0,104.9619598,0.07630989,1.505103827,109.6574478,0.012809477,267.8027998,0.850006086,24.796875,0,Moist Tundra,Low (0-35)
T1,2,B,0.03060362,0.243000001,0.045427087,1,18,30,0.95,28.4,0,104.8503113,0.120260164,2.263323784,57.13540268,0.00377986,355.0415906,18.14972611,29.89473684,0,Moist Tundra,Low (0-35)
T1,3,C,0.065127878,0.739000022,0.116129722,0,30,30,1.31,38.91,0,103.3506927,0.241160437,5.133553505,59.9402771,-0.001505098,210.9961453,24.62958004,29.70229008,11,Moist Tundra,Moderate (35-175)
T1,3,A,0.132577495,1.350000024,0.255892847,0,30,30,0.84,37.22,0,103.3139877,0.120469816,1.91584456,-179.8203278,-0.073646404,154.1894908,17.21679854,44.30952381,11,Moist Tundra,Moderate (35-175)
T1,4,A,0.096406605,0.546000004,0.116803492,0,30,30,1.2,27.57,0,101.9370804,0.189339831,4.151916027,42.08669662,-0.059453603,279.9756543,23.15678637,22.975,5,Moist Tundra,Low (0-35)
T1,5,B,0.074379176,0.700999975,0.084953341,0,5,40,1.71,29.17,10,101.283638,0.088700563,1.493771076,89.06332397,-0.002553806,271.8604179,3.965084196,17.05847953,0,Moist Tundra,Low (0-35)
T1,5,C,0.112240142,0.555999994,0.107555086,1,8,40,0.95,22.26,90,101.4483109,0.172189862,4.041063309,114.7961273,-0.008263808,462.5684723,8.237419355,23.43157895,0,Moist Tundra,Low (0-35)
T10,1,C,0.095801847,1.692000031,0.217285615,1,0,72,0.49,5.89,100,95.35810852,0.107199706,1.399217129,170.0896759,-0.009357767,856.1574356,0,12.02040816,1,Moist Tundra,Low (0-35)
T10,1,B,0.028017718,0.187999994,0.043627915,5,1,55,0.62,11.19,30,95.40151215,0.094479978,1.626218677,-65.69283295,0.009068833,501.115845,0.560748631,18.0483871,1,Moist Tundra,Low (0-35)
T10,1,A,0.056692117,0.326000005,0.059329546,0.5,0,78,0.39,4.16,100,95.45591736,0.033869859,0.504230142,-18.87738228,0.007143106,925.1369446,0,10.66666667,1,Moist Tundra,Low (0-35)
T10,2,C,0.021081647,0.296000004,0.056600904,0,24,40,1.62,31.57,0,95.37416077,0.184709936,2.480092287,-63.8668251,-0.124917306,405.7618178,30.74376141,19.48765432,4,Moist Tundra,Low (0-35)
T10,2,B,0.04432468,0.393999994,0.071078585,2,20,57,1.33,35.32,0,95.55256653,0.145589441,2.252671957,-169.7569733,-0.054177407,227.226618,16.05128829,26.55639098,4,Moist Tundra,Low (0-35)
T10,2,A,0.020972753,0.232999995,0.045192461,1,15,50,1.18,35.18,0,95.53440094,0.126060948,1.942718506,33.28215027,0.012883969,310.4077906,16.38021911,29.81355932,4,Moist Tundra,Low (0-35)
T10,3,B,0.187754348,2.948999882,0.422744704,0.5,23,64,1.89,36.35,0,93.92803955,0.122229993,2.4739604,-90.92500305,0.056582462,302.2925543,25.273169,19.23280423,17,Moist Tundra,Moderate (35-175)
T10,3,C,0.043221157,0.611000001,0.097227524,0.5,18,70,1.34,41.07,0,93.64064026,0.160790026,0.612651646,-88.34650421,-0.055828676,208.9673362,15.44811929,30.64925373,17,Moist Tundra,Moderate (35-175)
T10,3,A,0.016713322,0.273000002,0.035636589,0,10,70,2.15,38.25,0,93.83103943,0.061179809,1.275274277,68.29954529,0.00184639,350.9839724,13.42513694,17.79069767,17,Moist Tundra,Moderate (35-175)
T10,4,C,0.098204892,4.960000038,0.435785546,2,10,40,1.68,33.67,0,90.62361145,0.184619829,3.92336297,18.74205208,0.016067542,320.5518361,10.79298032,20.04166667,25,Moist Tundra,Moderate (35-175)
T10,4,B,0.285024547,3.859999895,0.709279503,0.5,26,45,1.88,37,0,90.68482971,0.14358978,2.700404167,45.70005798,-0.052203558,304.3213634,29.27571516,19.68085106,25,Moist Tundra,Moderate (35-175)
T10,4,A,0.035546228,1.032999992,0.064282128,0.5,15,50,1.88,38.08,0,90.71411133,0.289260328,5.74768734,36.54785538,0.036636494,300.2637452,17.15106512,20.25531915,25,Moist Tundra,Moderate (35-175)
T10,5,A,0.312854293,7.745999813,0.89860988,0.5,7,40,1.88,33.58,0,88.52242279,0.097109683,1.855461597,-91.3379364,-0.001932583,302.2925543,7.105688781,17.86170213,21,Moist Tundra,Moderate (35-175)
T10,5,B,0.132285029,1.06400001,0.136241537,1,19,40,1.72,38.22,0,88.45702362,0.118699796,1.401978612,2.095256805,-0.059139766,286.0620816,20.77325624,22.22093023,21,Moist Tundra,Moderate (35-175)
T10,5,C,0.368467639,0.947000027,0.163044758,0,15,25,1.68,35.15,0,88.53492737,0.109760053,2.243631124,-145.179718,-0.012869959,284.0332725,14.97565429,20.92261905,21,Moist Tundra,Moderate (35-175)
T2,1,B,0.027560369,0.238000005,0.039635469,1,17,31,1.4,40.84,0,71.96321106,0.144210592,3.088504791,3.474518538,-0.006982565,231.2842362,16.05760195,29.17142857,0,Mesic Woodland,Low (0-35)
T2,1,A,0.022953125,0.197999999,0.032317045,1,12,45,1.28,33.86,0,72.10404968,0.119249724,1.340760827,-1.872996092,-0.023627644,208.9673362,8.490760803,26.453125,0,Mesic Woodland,Low (0-35)
T2,1,C,0.020090458,0.218999997,0.036081496,1,20,30,1.6,39.76,0,71.88221741,0.070659563,1.417874098,-115.1779785,-0.01444623,219.1113816,17.42373707,24.85,0,Mesic Woodland,Low (0-35)
T2,2,B,0.059784927,0.368000001,0.068545249,3,17,32,1.56,44.71,0,71.71421051,0.069440462,1.321928382,16.29821396,0.02114152,213.0249544,16.19138771,28.66025641,0,Mesic Woodland,Low (0-35)
T2,2,A,0.155014215,1.550999999,0.322475006,1,14,30,1.1,36.72,0,71.81533813,0.197250515,4.512516975,-23.1898098,-0.02804243,152.1606817,7.822276324,33.38181818,0,Mesic Woodland,Low (0-35)
T2,2,C,0.037451224,0.38499999,0.058440011,0,17,50,1.43,35.09,0,71.61605835,0.058710173,1.271088243,-35.73895264,0.021266336,298.2349361,17.79060864,24.53846154,0,Mesic Woodland,Low (0-35)
T2,2,C,0.037451224,0.38499999,0.058440011,0,17,50,2.16,37.2,0,71.61605835,0.058710173,1.271088243,-35.73895264,0.021266336,298.2349361,18.86037736,17.22222222,0,Mesic Woodland,Low (0-35)
T2,3,C,0.114601349,3.980999947,0.443154637,0,13,72,1.71,36.13,0,71.01759338,0.079389952,1.011031747,-44.8217392,-0.006166296,249.543518,11.72080949,21.12865497,22,Mesic Woodland,Moderate (35-175)
T2,3,B,0.131160797,4.520999908,0.516600796,1,19,27,1.15,36.77,0,71.25666046,0.092140429,2.042930841,-78.21360779,-0.006767664,200.8520998,14.03213025,31.97391304,22,Mesic Woodland,Moderate (35-175)
T2,3,A,0.046633618,3.042999983,0.211418922,0,18,55,1.8,39.97,0,71.40522766,0.072329864,0.860506773,-79.07158661,-0.018012095,243.4570907,17.51576385,22.20555556,22,Mesic Woodland,Moderate (35-175)
T2,4,C,0.038419068,0.449000001,0.055019066,1,15,62,1.45,40.12,0,71.123909,0.1099099,1.811360836,-39.98139954,-0.023046255,249.543518,15.01752891,27.66896552,33,Mesic Woodland,Moderate (35-175)
T2,4,A,0.250117981,4.842000008,0.808652364,0,11,60,1.49,43.33,0,71.49812317,0.098570481,2.620830774,-94.3211441,0.023287373,263.7451816,12.57088659,29.08053691,33,Mesic Woodland,Moderate (35-175)
T2,4,B,0.117617187,4.122000217,0.479681411,1,8,80,1.3,36.44,0,71.30209351,0.229769364,4.786128521,-51.71697617,-0.006983252,243.4570907,7.097261108,28.03076923,33,Mesic Woodland,Moderate (35-175)
T2,5,B,0.032227628,0.354000002,0.051319073,1,5,50,1.37,39.3,0,70.91558075,0.210329741,4.471348763,-53.34876633,0.007580271,235.3418543,4.624467438,28.68613139,12,Mesic Woodland,Moderate (35-175)
T2,5,A,0.114126155,5.782999992,0.625270188,3,17,50,1.29,41.54,0,71.16281891,0.208219454,4.475978851,-50.73894882,-0.051530179,178.5351998,12.60779874,32.20155039,12,Mesic Woodland,Moderate (35-175)
T2,5,C,0.058242665,0.441000015,0.07493234,0,28,50,1.31,32.15,0,70.74725342,0.066049427,1.211297512,-73.65629578,-0.005215006,267.8027998,24.10760803,24.54198473,12,Mesic Woodland,Moderate (35-175)
T3,1,A,0.067017394,0.600000024,0.106549444,2,4,54,2.09,39.84,0,104.5746994,0.229189679,4.818274498,-62.71711731,-2.25E-05,275.9180361,4.397029823,19.06220096,0,Submesic Woodland,Low (0-35)
T3,1,B,0.057277186,0.591000021,0.088940743,4,19,38,2.08,37.33,0,104.2447205,0.121599883,1.412389159,-157.5511627,-0.006994791,265.7739907,18.85055184,17.94711538,0,Submesic Woodland,Low (0-35)
T3,1,C,0.11568821,0.67900002,0.133932663,2.5,20,35,1.58,38.85,0,103.7526703,0.16632019,3.169026375,-111.6829681,-0.051102649,223.1689998,17.34023128,24.58860759,0,Submesic Woodland,Low (0-35)
T3,2,C,0.019320768,0.160999998,0.028532884,0.1,18,40,2.18,41.18,0,104.5170135,0.085570142,1.423632979,-90.7609787,-0.003658848,304.3213634,22.55751674,18.88990826,4,Submesic Woodland,Low (0-35)
T3,2,B,0.028098123,0.330000013,0.045178196,0.1,22,77,1.42,41.88,0,104.7779922,0.266699761,4.785336971,-103.2308044,-0.00737196,456.482045,42.0584297,29.49295775,4,Submesic Woodland,Low (0-35)
T3,2,A,0.069185369,1.10800004,0.152096285,1.5,16,68,1.81,43.14,0,104.9462585,0.176680222,3.26294136,-134.8472137,-0.00192625,229.2554271,15.8241266,23.83425414,4,Submesic Woodland,Low (0-35)
T3,3,C,0.151641841,0.76700002,0.201367292,0.1,7,34,0.79,15.49,50,106.0795212,0.328259438,6.580774784,132.1683655,-0.095847644,476.7701359,5.169618584,19.60759494,66,Submesic Woodland,High (175-350)
T3,3,B,0.059891019,2.361999989,0.185992504,1,11,40,1.51,43.7,0,105.7302628,0.265359789,6.120270252,46.49828339,-0.03414258,275.9180361,13.26338,28.94039735,66,Submesic Woodland,High (175-350)
T3,3,A,0.39650836,4.68200016,0.648670974,0.1,8,50,1.68,43.46,0,105.7390976,0.121119998,1.812116265,62.00084305,0.046779729,273.889227,9.522580645,25.86904762,66,Submesic Woodland,High (175-350)
T3,4,C,0.386252579,7.190999985,0.97447441,2,10,49,1.33,38.14,0,103.5965805,0.236409917,6.123055935,51.61151886,-0.034304734,292.1485088,11.14254413,28.67669173,139,Submesic Woodland,Very High (350+)
T3,4,B,0.895712709,7.190999985,1.460153491,1,16,46,2.28,44.08,0,102.8215866,0.552329838,11.02428627,53.44866943,-0.115121096,275.9180361,19.45994725,19.33333333,139,Submesic Woodland,Very High (350+)
T3,4,A,0.428087576,3.272000074,0.71727911,1,15,59,1.33,37.94,0,102.0815887,0.46473068,10.15855789,76.68657684,-0.018568791,279.9756543,15.93341449,28.52631579,139,Submesic Woodland,Very High (350+)
T3,5,C,0.104190916,0.796000004,0.154327201,0.1,27,52,2.02,38.05,0,100.9694519,0.332240224,7.737927437,57.41015244,-0.050591212,251.572327,25.84528302,18.83663366,115,Submesic Woodland,Very High (350+)
T3,5,B,0.285772485,4.93200016,0.69528605,0.1,18,57,1.66,44.96,0,100.3826675,0.365130156,8.88834095,82.94645691,-0.007297907,221.1401907,17.89643335,27.08433735,115,Submesic Woodland,Very High (350+)
T3,5,A,0.103259285,3.174999952,0.276840699,1,8,76,1.65,43.04,0,100.0994797,0.257069945,6.245137215,88.23525238,0.004436321,259.6875634,8.941562183,26.08484848,115,Submesic Woodland,Very High (350+)
T4,1,B,0.047346605,0.428000003,0.06663471,0,9,42,1.75,35.56,0,85.16789246,0.09361954,2.03168273,20.79369545,-0.028877353,385.4737269,12.33670116,20.32,0,Submesic Woodland,Low (0-35)
T4,1,C,0.027007815,0.331999987,0.052307738,2,21,41,1.68,31.73,0,85.05509186,0.102809601,2.405963659,0.514954746,0.003982649,237.3706634,15.81671942,18.88690476,0,Submesic Woodland,Low (0-35)
T4,1,A,0.123688122,0.675000012,0.168171969,1,30,41,2.08,42.55,0,85.57929993,0.338719875,8.008745193,-8.496385574,0.026611576,265.7739907,33.92604991,20.45673077,0,Submesic Woodland,Low (0-35)
T4,2,C,0.220081379,0.888999999,0.215081478,0.1,1,64,0.88,18.78,30,83.29862213,0.17605041,3.675386667,63.80284119,0.012488518,497.0582268,0.93347535,21.34090909,6,Submesic Woodland,Low (0-35)
T4,2,B,0.167948972,0.968999982,0.204129232,0,12,53,1.66,42.35,0,83.04527283,0.285320133,5.91392374,68.27791595,-0.031826638,208.9673362,10.61972002,25.51204819,6,Submesic Woodland,Low (0-35)
T4,2,A,0.05100924,0.512000024,0.079925908,1,13,85,0.73,12.51,30,83.1309967,0.136830136,2.888967991,31.19896698,0.009901209,612.7003449,9.964345709,17.1369863,6,Submesic Woodland,Low (0-35)
T4,3,C,0.289574325,6.980999947,0.880232779,0,16,50,1.97,36.62,0,80.7283783,0.129199758,2.341233492,44.93800735,-0.023878546,257.6587543,15.09674173,18.58883249,58,Submesic Woodland,High (175-350)
T4,3,B,0.495931133,6.614999771,1.188325783,0,16,38,1.89,35.41,0,80.61155701,0.145280227,3.107458591,67.28739929,0.00016366,223.1689998,12.64386285,18.73544974,58,Submesic Woodland,High (175-350)
T4,3,A,0.397788988,6.614999771,0.986189084,0,19,43,1.81,41.06,0,80.50238037,0.08986038,1.805673242,77.20379639,0.004964676,251.572327,19.62616352,22.68508287,58,Submesic Woodland,High (175-350)
T4,4,A,0.201804263,2.786999941,0.286970972,0.1,20,64,1.62,34.29,0,79.46337891,0.077489778,1.866138339,-171.4838409,0.012226238,383.4449178,26.29665247,21.16666667,106,Submesic Woodland,Very High (350+)
T4,4,B,0.209480427,3.91899991,0.511748666,0,15,72,1.8,37.16,0,79.60962677,0.070860289,1.321404338,147.1348114,-0.006653881,361.1280179,20.12927572,20.64444444,106,Submesic Woodland,Very High (350+)
T4,4,C,0.297885977,5.143000126,0.668227251,0.1,17,59,1.48,31.11,0,79.78022003,0.051980134,1.387166858,96.77400208,0.006002312,355.0415906,18.7770846,21.02027027,106,Submesic Woodland,Very High (350+)
T4,5,B,0.384590682,8.333000183,0.996407203,0.1,13,32,1.83,34.07,0,80.35453796,0.174489826,3.494070768,124.4484024,0.000177345,292.1485088,12.9395496,18.61748634,161,Submesic Woodland,Very High (350+)
T4,5,A,0.37730971,5.362999916,0.909887625,0,20,33,1.54,25.01,0,80.19548798,0.059050139,0.455515474,179.6219177,0.025788803,340.839927,17.04881315,16.24025974,161,Submesic Woodland,Very High (350+)
T4,5,A,0.37730971,5.362999916,0.909887625,0,20,33,1.7,30.46,0,80.19548798,0.059050139,0.455515474,179.6219177,0.025788803,340.839927,20.76396835,17.91764706,161,Submesic Woodland,Very High (350+)
T5,1,C,0.039615986,0.354999989,0.060908976,0.1,11,37,2.09,38.32,0,117.6575394,0.05760048,0.099292345,-18.71512794,0.014360161,314.4654088,13.25534591,18.33492823,14,Mesic Woodland,Moderate (35-175)
T5,1,B,0.02900639,0.263999999,0.050750245,0.1,18,42,2.18,37.88,0,117.5224991,0.119370267,2.20450592,1.017911911,-0.047531929,277.9468452,18.95152769,17.37614679,14,Mesic Woodland,Moderate (35-175)
T5,1,A,0.185219495,2.255000114,0.19944948,0.1,9,31,2.02,36.17,0,117.5684128,0.124219358,2.400022507,66.3923111,-0.013809929,330.6958815,10.76514303,17.90594059,14,Mesic Woodland,Moderate (35-175)
T5,2,C,0.102038051,0.941999972,0.166855763,0.1,13,37,1.64,26.96,10,116.2535782,0.089110486,1.728047252,-41.0148735,0.010277253,426.0499087,14.9321972,16.43902439,25,Mesic Woodland,Moderate (35-175)
T5,2,B,0.2971814,7.241000175,1.056855022,0.1,13,47,2.17,38.46,0,116.3004074,0.080560073,1.058972836,-39.83160782,-0.032447521,282.0044634,14.09965916,17.7235023,25,Mesic Woodland,Moderate (35-175)
T5,2,A,0.050093984,0.465000004,0.065574861,0.1,15,38,2.13,36.72,0,116.4404297,0.051470108,0.249999955,-32.52778244,-0.021522226,316.4942179,17.43250152,17.23943662,25,Mesic Woodland,Moderate (35-175)
T5,3,C,0.119465909,1.34800005,0.182437627,0,16,32,2.19,38.44,0,115.2852325,0.086890563,0.768007755,-110.0972214,-0.053010341,292.1485088,17.96830189,17.55251142,19,Mesic Woodland,Moderate (35-175)
T5,3,B,0.57764984,10.41600037,1.505723501,0.1,20,36,2.19,39.88,0,115.588913,0.043879699,0.669008553,-152.5792084,-0.006985168,338.8111179,27.02357476,18.21004566,19,Mesic Woodland,Moderate (35-175)
T5,3,A,0.071757921,0.825999975,0.099953756,0,14,34,2.25,38.48,0,115.552887,0.086470105,0.569004357,22.73108101,-0.060102578,312.4365997,16.8315845,17.10222222,19,Mesic Woodland,Moderate (35-175)
T5,4,C,0.060852418,0.791999996,0.102996085,0.1,11,43,2.16,37.16,0,116.1234818,0.104170382,1.54202199,-149.6055756,-0.040858507,286.0620816,11.69307365,17.2037037,13,Mesic Woodland,Moderate (35-175)
T5,4,B,0.133715097,8.371999741,0.580461499,0.1,15,26,1.62,26.59,10,116.2444611,0.074350737,1.605067492,-176.4602966,0.006521292,434.1651451,17.31667681,16.41358025,13,Mesic Woodland,Moderate (35-175)
T5,4,A,0.342536681,9.083000183,1.167790908,0.1,18,35,1.88,37.91,0,116.1724701,0.136870265,2.413734913,-154.2997589,-0.030969972,306.3501724,20.90472307,20.16489362,13,Mesic Woodland,Moderate (35-175)
T5,5,C,0.049653683,0.340000004,0.064218883,0.1,12,29,1.98,38.58,0,118.5522537,0.106539458,1.516897559,-34.02500153,0.027670087,324.6094543,15.02811929,19.48484848,1,Mesic Woodland,Low (0-35)
T5,5,B,0.047217129,0.308999985,0.059545053,0.1,3,30,1.87,38.82,0,118.5094986,0.133550033,2.605695009,-108.2655945,-0.012855244,213.0249544,2.480888618,20.75935829,1,Mesic Woodland,Low (0-35)
T5,5,A,0.041883002,0.596000016,0.071330304,0.1,7,27,1.79,38.33,0,118.4635391,0.107949674,1.831233621,-170.3809509,0.024561005,237.3706634,6.36889227,21.41340782,1,Mesic Woodland,Low (0-35)
T6,1,B,0.103717585,3.651000023,0.276197787,1,17,63,2.1,36.44,0,127.9338303,0.10499008,2.423221827,-129.3352356,0.017522622,328.6670724,20.3602678,17.35238095,98,Mesic Woodland,High (175-350)
T6,1,A,0.161042674,3.631000042,0.443180043,0,20,45,1.99,36.77,0,127.9076004,0.081100389,1.903352261,139.5733337,0.011703663,284.0332725,20.88780686,18.47738693,98,Mesic Woodland,High (175-350)
T6,1,C,0.171019922,5.407000065,0.567331253,1,15,73,2.09,32.71,10,127.9653702,0.116860047,1.871922493,-127.197464,0.005504742,417.9346723,20.5059647,15.6507177,98,Mesic Woodland,High (175-350)
T6,2,B,0.530900213,3.301000118,0.589287769,0.1,12,NA,1.94,33.31,0,129.6357727,0.074768677,1.146803856,-115.2966537,0.017303733,407.7906269,16.30020694,17.17010309,81,Mesic Woodland,High (175-350)
T6,2,A,0.277811233,1.60800004,0.357896857,0,15,NA,1.8,32.87,0,129.5902863,0.224149168,4.61021471,-117.6459351,0.0573164,367.2144451,18.10550822,18.26111111,81,Mesic Woodland,High (175-350)
T6,2,C,0.374631914,7.431000233,0.93862884,0,15,81,2.11,36.44,0,129.5344696,0.089969784,2.11216116,-11.299263,-0.007950554,371.2720633,20.29373098,17.27014218,81,Mesic Woodland,High (175-350)
T6,3,A,0.239185698,5.256999969,0.757896687,0.1,13,68,1.77,30.26,0,130.6088562,0.105460204,1.326158404,38.80601883,0.004409943,470.6837087,18.51575573,17.0960452,63,Mesic Woodland,High (175-350)
T6,3,C,0.137910772,3.809000015,0.419974362,0.1,19,NA,2.12,37.44,0,130.7349854,0.234662011,4.204070568,-126.8149643,0.050989341,306.3501724,21.79252587,17.66037736,63,Mesic Woodland,High (175-350)
T6,3,B,0.074268371,2.204999924,0.163143139,0.1,16,88,2.11,39.84,0,130.5146332,0.11017029,2.62705946,-129.7366486,-0.003679676,304.3213634,19.39866099,18.88151659,63,Mesic Woodland,High (175-350)
T6,4,C,0.242712668,5.736999989,0.711799832,1,11,83,1.97,27.88,0,131.3504028,0.142309576,2.732153416,-115.9970093,-0.007398624,446.3379996,13.68829377,14.15228426,39,Mesic Woodland,Moderate (35-175)
T6,4,A,0.123128678,4.125999928,0.28669871,0,15,57,2.16,37.16,0,131.3638763,0.069129944,1.14513278,-91.13932037,-0.002910671,286.0620816,15.94510043,17.2037037,39,Mesic Woodland,Moderate (35-175)
T6,4,B,0.093999644,0.746999979,0.118235239,0,9,65,2.07,36.93,0,131.4642639,0.170550227,3.025589943,-110.3824158,0.027965182,338.8111179,11.26106512,17.84057971,39,Mesic Woodland,Moderate (35-175)
T6,5,B,0.06957729,0.617999971,0.098541673,0.1,8,120,1.99,32.78,0,132.4855804,0.06293945,1.590089321,-139.5219116,0.003330231,355.0415906,9.310610672,16.47236181,21,Mesic Woodland,Moderate (35-175)
T6,5,A,0.043090458,0.76700002,0.065008412,2,20,120,2.31,37.65,0,132.5246735,0.076010741,1.44155705,-131.7059631,0.003926392,375.3296815,28.26232502,16.2987013,21,Mesic Woodland,Moderate (35-175)
T6,5,C,0.169365672,0.742999971,0.178343977,0.1,14,36,1.96,36.33,0,132.5550995,0.178261265,4.339803696,177.3868103,-0.023957387,308.3789815,15.68477176,18.53571429,21,Mesic Woodland,Moderate (35-175)
T7,1,C,0.466167674,6.731999874,0.98820296,0.5,28,28,2.07,35.43,0,134.1565857,0.075269468,1.571777582,-67.04953766,0.009016857,342.8687361,34.01395009,17.11594203,42,Mesic Woodland,Moderate (35-175)
T7,1,B,0.391763261,6.731999874,0.977881677,0,16,43,1.55,28.07,0,134.1158142,0.073220365,1.264194489,131.2108765,-0.006357002,314.4654088,14.12327044,18.10967742,42,Mesic Woodland,Moderate (35-175)
T7,1,A,0.126548985,3.252000093,0.284285028,0,16,51,1.55,30.06,0,134.0718536,0.10596054,2.051860332,-10.79859829,0.011115837,314.4654088,15.1245283,19.39354839,42,Mesic Woodland,Moderate (35-175)
T7,2,B,0.249652097,7.184999943,0.771402948,0.5,12,48,2.02,33.27,0,134.0062256,0.082230374,1.257510543,149.7910614,-0.023850251,342.8687361,13.68869142,16.47029703,53,Mesic Woodland,High (175-350)
T7,2,A,0.488661101,6.715000153,1.064998248,0,9,55,1.91,37.14,0,134.1129456,0.067922212,1.515968919,-85.37039948,0.012794418,302.2925543,10.10443092,19.44502618,53,Mesic Woodland,High (175-350)
T7,3,B,0.178441959,4.776000023,0.538154466,0,17,53,1.81,30.56,0,134.3598022,0.060810089,0.906447887,41.4578743,-0.004969769,346.9263542,18.02351795,16.8839779,47,Mesic Woodland,Moderate (35-175)
T7,3,A,0.189737834,4.893000126,0.511544379,0,16,57,1.51,24.73,0,134.2466736,0.067639925,1.613092899,114.8987503,-0.016567649,332.7246906,13.16525056,16.37748344,47,Mesic Woodland,Moderate (35-175)
T7,3,C,0.141051209,2.204999924,0.177021054,0.5,16,48,1.97,35.42,0,134.3695068,0.053910829,1.010795951,-40.09127808,0.004927063,350.9839724,19.89096368,17.97969543,47,Mesic Woodland,Moderate (35-175)
T7,4,B,0.11257508,0.769999981,0.129777774,0,23,55,2.22,39.65,0,134.6435089,0.108630069,2.441903114,149.1663666,-0.042761344,312.4365997,28.49265571,17.86036036,23,Mesic Woodland,Moderate (35-175)
T7,4,A,0.064701984,0.944999993,0.116978777,0,79,79,1.15,19.7,30,134.8053436,0.049970094,0.530127823,-176.5522156,0.025076313,397.6465815,61.88573747,17.13043478,23,Mesic Woodland,Moderate (35-175)
T7,4,C,0.090215194,0.469999999,0.080903767,0.5,17,45,2.17,36.62,0,134.9040527,0.076330721,1.394782066,105.6114731,-0.023867778,395.6177724,24.6287888,16.87557604,23,Mesic Woodland,Moderate (35-175)
T7,5,B,0.107931035,1.125,0.115851147,0.5,23,23,1.77,39.8,0,135.8001709,0.133888394,3.093828917,-172.7643127,0.049909689,247.5147089,22.65749645,22.48587571,21,Mesic Woodland,Moderate (35-175)
T7,5,A,0.11710313,0.884000003,0.122566661,0.5,8,25,2.13,38.78,0,135.5833282,0.200380102,5.000675678,-168.7996368,-0.015496788,316.4942179,9.818916616,18.20657277,21,Mesic Woodland,Moderate (35-175)
T7,5,C,0.233871002,3.898999929,0.525384272,0.5,15,30,1.96,38.3,0,135.8764801,0.180368036,3.774645329,-169.3252869,-0.008224258,320.5518361,18.41570298,19.54081633,21,Mesic Woodland,Moderate (35-175)
T9,1,C,0.031410721,0.344999999,0.062651413,0,1,57,0.48,5.66,100,102.2655106,0.214659736,4.104588509,-33.39075851,0.029051714,957.59789,0.542000406,11.79166667,0,Moist Tundra,Low (0-35)
T9,1,B,0.016769805,0.181999996,0.037052283,0,5,60,1.27,37.63,0,102.5235596,0.103460081,2.346119881,-51.55040741,-0.028996181,310.4077906,5.840322581,29.62992126,0,Moist Tundra,Low (0-35)
T9,1,A,0.018020234,0.219999999,0.035929411,0.5,60,60,0.66,40.08,0,102.8279419,0.171410069,2.528206825,-30.83572578,0.016828518,48.69141814,11.70931223,60.72727273,0,Moist Tundra,Low (0-35)
T9,2,B,0.029063323,0.344999999,0.045656246,0,1,70,0.87,21.25,30,99.64755249,0.252490073,4.376614094,-43.45011902,0.028724842,430.1075269,0.913978495,24.42528736,0,Moist Tundra,Low (0-35)
T9,2,A,0.023458585,0.324000001,0.046399074,0,0,70,0.48,5.56,100,100.0818176,0.221890032,4.503787994,-40.67290497,-0.011453762,990.0588355,0,11.58333333,0,Moist Tundra,Low (0-35)
T9,2,C,0.033698294,0.279000014,0.05227054,0,5,43,1.29,38.68,0,99.31497192,0.189419791,4.307090282,-46.49155426,0.003958845,448.3668087,8.67141408,29.98449612,0,Moist Tundra,Low (0-35)
T9,3,C,0.017424629,0.280000001,0.029384593,2,21,37,1.38,41.56,0,97.16764069,0.084690325,1.948774576,-24.76576614,0.00056777,156.2182999,13.63410834,30.11594203,22,Moist Tundra,Moderate (35-175)
T9,3,A,0.113694197,1.792999983,0.218580336,1,17,44,1.23,42.02,0,97.49275208,0.070690155,1.406934619,-79.7689743,-0.018624896,206.9385271,14.78244674,34.16260163,22,Moist Tundra,Moderate (35-175)
T9,3,B,0.123664415,2.364000082,0.319631525,1,17,37,1.23,41.79,0,97.23735809,0.064110488,1.210832,-81.34001923,-0.000215158,219.1113816,15.56632988,33.97560976,22,Moist Tundra,Moderate (35-175)
T9,4,C,0.396300888,6.25,0.889192798,0.5,25,25,1.49,43,0,97.69106293,0.162199855,4.196633816,-161.9965363,-0.014140005,233.3130452,25.08115236,28.8590604,51,Moist Tundra,High (175-350)
T9,4,B,0.297899717,3.733999968,0.550267197,1,30,30,1.5,41.48,0,97.70105743,0.150740206,3.526000738,-89.76990509,-0.039193772,152.1606817,18.93487523,27.65333333,51,Moist Tundra,High (175-350)
T9,4,A,0.163470316,1.77699995,0.298260951,3,26,30,1.77,42.15,0,97.9039917,0.072419815,1.246517658,-44.30601501,0.003388853,235.3418543,25.79111382,23.81355932,51,Moist Tundra,High (175-350)
T9,5,B,0.080207386,0.411000013,0.102003707,2,10,25,2.06,41.37,0,99.49754333,0.224639818,5.134698868,-169.9068451,-0.025248842,245.4858998,10.15575167,20.08252427,8,Moist Tundra,Low (0-35)
T9,5,A,0.099747597,0.451000005,0.113902808,4,29,37,1.9,41.47,0,99.54345703,0.187470391,3.300136566,-150.9618988,-0.02255475,288.0908906,34.64667478,21.82631579,8,Moist Tundra,Low (0-35)
T9,5,C,0.123355595,0.501999974,0.113428343,2,11,36,2.03,39.63,0,99.60546112,0.149550021,2.730942488,-117.3706894,0.008107767,239.3994725,10.43614121,19.52216749,8,Moist Tundra,Low (0-35)
